INSERT INTO EMPLOYEE VALUES ('123456789','Rick','Dallas',35.53,'3456','9087654321','Technician'),
('123456780','Vijay','Dallas',35000.53,'3451','9087654329','Technician'),
('123456781','Eva','Austin',65000.00,'3452','9087654328','TrafficController'),
('123456782','Adam','New York',55000.00,'3453','9087654327','Technician'),
('123456783','Pablo','Chicago',60000.00,'3454','9087654326','Traffic Controller'),
('123456785','Ram','Huston',45000.00,'3455','9087654325','Technician'),
('123456784','Victor','Denver',57000.00,'3457','9087654324','Traffic Controller'),
('123456786','Jack','Atlanta',30000.00,'3458','9087654323','Technician'),
('123456787','Ravi','Huston',39000.00,'3459','9087654322','Traffic Controller');

INSERT INTO technician VALUES ('123456780'),('123456786'),('123456782'),('123456785'),('123456789');
INSERT INTO trafficcontroller VALUES('123456781','2022-01-10'),('123456787','2022-02-10');
INSERT INTO airplanemodel VALUES ('001','200','41000'),('002','50','24000'),('003','90','30000'),
('004','120','32000'),('005','60','26000'),('006','85','29000'),('007','140','38000');
INSERT INTO expert VALUES ('001','123456780'),('002','123456786'),('003','123456785'),
('004','123456782'),('005','123456780'),('006','123456786'),('007','123456789');
INSERT INTO plane VALUES ('1001','001'),('1002','002'),('1003','003'),('1004','001'),
('1005','004'),('1006','006'),('1007','005');
--INSERT INTO faa_test VALUES ('N12345','Wind Tunnel','100'),('N12346','Simulation','100'),
--('N12347','Gain Margin','100'),('N12348','Taxi','50'),('N12349','Structuralload','100'),
--('N12340','Ground Vib','25'),('N12341','Ver&Cali','50'),('N12342','weight&bal','100')
--INSERT INTO test_info VALUES ('N12345','1001','123456780','10','2022-03-10','93'),
--('N12346','1002','123456782','6','2022-03-21','93'),
--('N12347','1003','123456785','9','2022-03-13','93'),
--('N12341','1001','123456780','7','2022-03-19','44');